,word
0,但是
1,芜湖市
2,结果
3,政府
4,hellip
5,谢谢
6,难道
7,这种
8,他们
9,而且
10,处理
11,芜湖
12,一名
13,市政府
14,部门
15,当时
16,没有
17,无法
18,多次
19,应该
20,严重
21,有关
22,所以
23,不能
24,小区
25,反应
26,时间
27,因为
28,本人
29,怎么
30,如果
31,领导
32,自己
33,恳请
34,还是
35,通过
36,需要
37,办理
38,一下
39,一个
40,要求
41,你好
42,可是
43,作为
44,按照
45,是否
46,nbsp
47,现在
48,地方
49,月份
50,任何
51,情况
52,知道
53,真的
54,反映
55,问题
56,希望
57,ldquo
58,可以
59,很多
60,开始
61,进行
62,不是
63,市长
64,rdquo
65,尊敬
66,得到
67,能够
68,解决
69,什么
70,已经
71,时候
72,年月日
73,这个
74,工作人员
75,不了
76,目前
77,这些
78,今年
79,给予
80,我们
81,答复
82,相关
83,一直
84,我家
85,至今
86,就是
87,存在
88,由于
89,还有
90,回复
91,你们
92,这样
93,为了
94,为什么
95,您好
96,人员
97,说
98,人
99,元
100,hellip
101,&
102,","
103,?
104,、
105,。
106,""""
107,""""
108,《
109,》
110,！
111,，
112,：
113,；
114,？
115,""""""
116,的
117,了
118,人民
119,末
120,啊
121,阿
122,哎
123,哎呀
124,哎哟
125,唉
126,俺
127,俺们
128,按
129,按照
130,吧
131,吧哒
132,把
133,罢了
134,被
135,本
136,本着
137,比
138,比方
139,比如
140,鄙人
141,彼
142,彼此
143,边
144,别
145,别的
146,别说
147,并
148,并且
149,不比
150,不成
151,不单
152,不但
153,不独
154,不管
155,不光
156,不过
157,不仅
158,不拘
159,不论
160,不怕
161,不然
162,不如
163,不特
164,不惟
165,不问
166,不只
167,朝
168,朝着
169,趁
170,趁着
171,乘
172,冲
173,除
174,除此之外
175,除非
176,除了
177,此
178,此间
179,此外
180,从
181,从而
182,打
183,待
184,但
185,但是
186,当
187,当着
188,到
189,得
190,的
191,的话
192,等
193,等等
194,地
195,第
196,叮咚
197,对
198,对于
199,多
200,多少
201,而
202,而况
203,而且
204,而是
205,而外
206,而言
207,而已
208,尔后
209,反过来
210,反过来说
211,反之
212,非但
213,非徒
214,否则
215,嘎
216,嘎登
217,该
218,赶
219,个
220,各
221,各个
222,各位
223,各种
224,各自
225,给
226,根据
227,跟
228,故
229,故此
230,固然
231,关于
232,管
233,归
234,果然
235,果真
236,过
237,哈
238,哈哈
239,呵
240,和
241,何
242,何处
243,何况
244,何时
245,嘿
246,哼
247,哼唷
248,呼哧
249,乎
250,哗
251,还是
252,还有
253,换句话说
254,换言之
255,或
256,或是
257,或者
258,极了
259,及
260,及其
261,及至
262,即
263,即便
264,即或
265,即令
266,即若
267,即使
268,几
269,几时
270,己
271,既
272,既然
273,既是
274,继而
275,加之
276,假如
277,假若
278,假使
279,鉴于
280,将
281,较
282,较之
283,叫
284,接着
285,结果
286,借
287,紧接着
288,进而
289,尽
290,尽管
291,经
292,经过
293,就
294,就是
295,就是说
296,据
297,具体地说
298,具体说来
299,开始
300,开外
301,靠
302,咳
303,可
304,可见
305,可是
306,可以
307,况且
308,啦
309,来
310,来着
311,离
312,例如
313,哩
314,连
315,连同
316,两者
317,了
318,临
319,另
320,另外
321,另一方面
322,论
323,嘛
324,吗
325,慢说
326,漫说
327,冒
328,么
329,每
330,每当
331,们
332,莫若
333,某
334,某个
335,某些
336,拿
337,哪
338,哪边
339,哪儿
340,哪个
341,哪里
342,哪年
343,哪怕
344,哪天
345,哪些
346,哪样
347,那
348,那边
349,那儿
350,那个
351,那会儿
352,那里
353,那么
354,那么些
355,那么样
356,那时
357,那些
358,那样
359,乃
360,乃至
361,呢
362,能
363,你
364,你们
365,您
366,宁
367,宁可
368,宁肯
369,宁愿
370,哦
371,呕
372,啪达
373,旁人
374,呸
375,凭
376,凭借
377,其
378,其次
379,其二
380,其他
381,其它
382,其一
383,其余
384,其中
385,起
386,起见
387,岂但
388,恰恰相反
389,前后
390,前者
391,且
392,然而
393,然后
394,然则
395,让
396,人家
397,任
398,任何
399,任凭
400,如
401,如此
402,如果
403,如何
404,如其
405,如若
406,如上所述
407,若
408,若非
409,若是
410,啥
411,上下
412,尚且
413,设若
414,设使
415,甚而
416,甚么
417,甚至
418,省得
419,时候
420,什么
421,什么样
422,使得
423,是
424,是的
425,首先
426,谁
427,谁知
428,顺
429,顺着
430,似的
431,虽
432,虽然
433,虽说
434,虽则
435,随
436,随着
437,所
438,所以
439,他
440,他们
441,他人
442,它
443,它们
444,她
445,她们
446,倘
447,倘或
448,倘然
449,倘若
450,倘使
451,腾
452,替
453,通过
454,同
455,同时
456,哇
457,万一
458,往
459,望
460,为
461,为何
462,为了
463,为什么
464,为着
465,喂
466,嗡嗡
467,我
468,我们
469,呜
470,呜呼
471,乌乎
472,无论
473,无宁
474,毋宁
475,嘻
476,吓
477,相对而言
478,像
479,向
480,向着
481,嘘
482,呀
483,焉
484,沿
485,沿着
486,要
487,要不
488,要不然
489,要不是
490,要么
491,要是
492,也
493,也罢
494,也好
495,一
496,一般
497,一旦
498,一方面
499,一来
500,一切
501,一样
502,一则
503,依
504,依照
505,矣
506,以
507,以便
508,以及
509,以免
510,以至
511,以至于
512,以致
513,抑或
514,因
515,因此
516,因而
517,因为
518,哟
519,用
520,由
521,由此可见
522,由于
523,有
524,有的
525,有关
526,有些
527,又
528,于
529,于是
530,于是乎
531,与
532,与此同时
533,与否
534,与其
535,越是
536,云云
537,哉
538,再说
539,再者
540,在
541,在下
542,咱
543,咱们
544,则
545,怎
546,怎么
547,怎么办
548,怎么样
549,怎样
550,咋
551,照
552,照着
553,者
554,这
555,这边
556,这儿
557,这个
558,这会儿
559,这就是说
560,这里
561,这么
562,这么点儿
563,这么些
564,这么样
565,这时
566,这些
567,这样
568,正如
569,吱
570,之
571,之类
572,之所以
573,之一
574,只是
575,只限
576,只要
577,只有
578,至
579,至于
580,诸位
581,着
582,着呢
583,自
584,自从
585,自个儿
586,自各儿
587,自己
588,自家
589,自身
590,综上所述
591,总的来看
592,总的来说
593,总的说来
594,总而言之
595,总之
596,纵
597,纵令
598,纵然
599,纵使
600,遵照
601,作为
602,兮
603,呃
604,呗
605,咚
606,咦
607,喏
608,啐
609,喔唷
610,嗬
611,嗯
612,嗳
613,~
614,!
615,.
616,:
617,""""
618,'
619,(
620,)
621,*
622,A
623,白
624,社会主义
625,--
626,..
627,>>
628, [
629, ]
630,<
631,>
632,/
633,\
634,|
635,-
636,_
637,+
638,=
639,&
640,^
641,%
642,#
643,@
644,`
645,;
646,$
647,（
648,）
649,——
650,—
651,￥
652,?
653,...
654,‘
655,’
656,〉
657,〈
658,…
659,　
660,0
661,1
662,2
663,3
664,4
665,5
666,6
667,7
668,8
669,9
670,０
671,１
672,２
673,３
674,４
675,５
676,６
677,７
678,８
679,９
680,二
681,三
682,四
683,五
684,六
685,七
686,八
687,九
688,零
689,＞
690,＜
691,＠
692,＃
693,＄
694,％
695,︿
696,＆
697,＊
698,＋
699,～
700,｜
701,［
702,］
703,｛
704,｝
705,啊哈
706,啊呀
707,啊哟
708,挨次
709,挨个
710,挨家挨户
711,挨门挨户
712,挨门逐户
713,挨着
714,按理
715,按期
716,按时
717,按说
718,暗地里
719,暗中
720,暗自
721,昂然
722,八成
723,白白
724,半
725,梆
726,保管
727,保险
728,饱
729,背地里
730,背靠背
731,倍感
732,倍加
733,本人
734,本身
735,甭
736,比起
737,比如说
738,比照
739,毕竟
740,必
741,必定
742,必将
743,必须
744,便
745,别人
746,并非
747,并肩
748,并没
749,并没有
750,并排
751,并无
752,勃然
753,不
754,不必
755,不常
756,不大
757,不但...而且
758,不得
759,不得不
760,不得了
761,不得已
762,不迭
763,不定
764,不对
765,不妨
766,不管怎样
767,不会
768,不仅...而且
769,不仅仅
770,不仅仅是
771,不经意
772,不可开交
773,不可抗拒
774,不力
775,不了
776,不料
777,不满
778,不免
779,不能不
780,不起
781,不巧
782,不然的话
783,不日
784,不少
785,不胜
786,不时
787,不是
788,不同
789,不能
790,不要
791,不外
792,不外乎
793,不下
794,不限
795,不消
796,不已
797,不亦乐乎
798,不由得
799,不再
800,不择手段
801,不怎么
802,不曾
803,不知不觉
804,不止
805,不止一次
806,不至于
807,才
808,才能
809,策略地
810,差不多
811,差一点
812,常
813,常常
814,常言道
815,常言说
816,常言说得好
817,长此下去
818,长话短说
819,长期以来
820,长线
821,敞开儿
822,彻夜
823,陈年
824,趁便
825,趁机
826,趁热
827,趁势
828,趁早
829,成年
830,成年累月
831,成心
832,乘机
833,乘胜
834,乘势
835,乘隙
836,乘虚
837,诚然
838,迟早
839,充分
840,充其极
841,充其量
842,抽冷子
843,臭
844,初
845,出
846,出来
847,出去
848,除此
849,除此而外
850,除此以外
851,除开
852,除去
853,除却
854,除外
855,处处
856,川流不息
857,传
858,传说
859,传闻
860,串行
861,纯
862,纯粹
863,此后
864,此中
865,次第
866,匆匆
867,从不
868,从此
869,从此以后
870,从古到今
871,从古至今
872,从今以后
873,从宽
874,从来
875,从轻
876,从速
877,从头
878,从未
879,从无到有
880,从小
881,从新
882,从严
883,从优
884,从早到晚
885,从中
886,从重
887,凑巧
888,粗
889,存心
890,达旦
891,打从
892,打开天窗说亮话
893,大
894,大不了
895,大大
896,大抵
897,大都
898,大多
899,大凡
900,大概
901,大家
902,大举
903,大略
904,大面儿上
905,大事
906,大体
907,大体上
908,大约
909,大张旗鼓
910,大致
911,呆呆地
912,带
913,殆
914,待到
915,单
916,单纯
917,单单
918,但愿
919,弹指之间
920,当场
921,当儿
922,当即
923,当口儿
924,当然
925,当庭
926,当头
927,当下
928,当真
929,当中
930,倒不如
931,倒不如说
932,倒是
933,到处
934,到底
935,到了儿
936,到目前为止
937,到头
938,到头来
939,得起
940,得天独厚
941,的确
942,等到
943,叮当
944,顶多
945,定
946,动不动
947,动辄
948,陡然
949,都
950,独
951,独自
952,断然
953,顿时
954,多次
955,多多
956,多多少少
957,多多益善
958,多亏
959,多年来
960,多年前
961,而后
962,而论
963,而又
964,尔等
965,二话不说
966,二话没说
967,反倒
968,反倒是
969,反而
970,反手
971,反之亦然
972,反之则
973,方
974,方才
975,方能
976,放量
977,非常
978,非得
979,分期
980,分期分批
981,分头
982,奋勇
983,愤然
984,风雨无阻
985,逢
986,弗
987,甫
988,嘎嘎
989,该当
990,概
991,赶快
992,赶早不赶晚
993,敢
994,敢情
995,敢于
996,刚
997,刚才
998,刚好
999,刚巧
1000,高低
1001,格外
1002,隔日
1003,隔夜
1004,个人
1005,各式
1006,更
1007,更加
1008,更进一步
1009,更为
1010,公然
1011,共
1012,共总
1013,够瞧的
1014,姑且
1015,古来
1016,故而
1017,故意
1018,固
1019,怪
1020,怪不得
1021,惯常
1022,光
1023,光是
1024,归根到底
1025,归根结底
1026,过于
1027,毫不
1028,毫无
1029,毫无保留地
1030,毫无例外
1031,好在
1032,何必
1033,何尝
1034,何妨
1035,何苦
1036,何乐而不为
1037,何须
1038,何止
1039,很
1040,很多
1041,很少
1042,轰然
1043,后来
1044,呼啦
1045,忽地
1046,忽然
1047,互
1048,互相
1049,哗啦
1050,话说
1051,还
1052,恍然
1053,会
1054,豁然
1055,活
1056,伙同
1057,或多或少
1058,或许
1059,基本
1060,基本上
1061,基于
1062,极
1063,极大
1064,极度
1065,极端
1066,极力
1067,极其
1068,极为
1069,急匆匆
1070,即将
1071,即刻
1072,即是说
1073,几度
1074,几番
1075,几乎
1076,几经
1077,既...又
1078,继之
1079,加上
1080,加以
1081,间或
1082,简而言之
1083,简言之
1084,简直
1085,见
1086,将才
1087,将近
1088,将要
1089,交口
1090,较比
1091,较为
1092,接连不断
1093,接下来
1094,皆可
1095,截然
1096,截至
1097,藉以
1098,借此
1099,借以
1100,届时
1101,仅
1102,仅仅
1103,谨
1104,进来
1105,进去
1106,近
1107,近几年来
1108,近来
1109,近年来
1110,尽管如此
1111,尽可能
1112,尽快
1113,尽量
1114,尽然
1115,尽如人意
1116,尽心竭力
1117,尽心尽力
1118,尽早
1119,精光
1120,经常
1121,竟
1122,竟然
1123,究竟
1124,就此
1125,就地
1126,就算
1127,居然
1128,局外
1129,举凡
1130,据称
1131,据此
1132,据实
1133,据说
1134,据我所知
1135,据悉
1136,具体来说
1137,决不
1138,决非
1139,绝
1140,绝不
1141,绝顶
1142,绝对
1143,绝非
1144,均
1145,喀
1146,看
1147,看来
1148,看起来
1149,看上去
1150,看样子
1151,可好
1152,可能
1153,恐怕
1154,快
1155,快要
1156,来不及
1157,来得及
1158,来讲
1159,来看
1160,拦腰
1161,牢牢
1162,老
1163,老大
1164,老老实实
1165,老是
1166,累次
1167,累年
1168,理当
1169,理该
1170,理应
1171,历
1172,立
1173,立地
1174,立刻
1175,立马
1176,立时
1177,联袂
1178,连连
1179,连日
1180,连日来
1181,连声
1182,连袂
1183,临到
1184,另方面
1185,另行
1186,另一个
1187,路经
1188,屡
1189,屡次
1190,屡次三番
1191,屡屡
1192,缕缕
1193,率尔
1194,率然
1195,略
1196,略加
1197,略微
1198,略为
1199,论说
1200,马上
1201,蛮
1202,满
1203,没
1204,没有
1205,每逢
1206,每每
1207,每时每刻
1208,猛然
1209,猛然间
1210,莫
1211,莫不
1212,莫非
1213,莫如
1214,默默地
1215,默然
1216,呐
1217,那末
1218,奈
1219,难道
1220,难得
1221,难怪
1222,难说
1223,内
1224,年复一年
1225,凝神
1226,偶而
1227,偶尔
1228,怕
1229,砰
1230,碰巧
1231,譬如
1232,偏偏
1233,乒
1234,平素
1235,颇
1236,迫于
1237,扑通
1238,其后
1239,其实
1240,奇
1241,齐
1242,起初
1243,起来
1244,起首
1245,起头
1246,起先
1247,岂
1248,岂非
1249,岂止
1250,迄
1251,恰逢
1252,恰好
1253,恰恰
1254,恰巧
1255,恰如
1256,恰似
1257,千
1258,千万
1259,千万千万
1260,切
1261,切不可
1262,切莫
1263,切切
1264,切勿
1265,窃
1266,亲口
1267,亲身
1268,亲手
1269,亲眼
1270,亲自
1271,顷
1272,顷刻
1273,顷刻间
1274,顷刻之间
1275,请勿
1276,穷年累月
1277,取道
1278,去
1279,权时
1280,全都
1281,全力
1282,全年
1283,全然
1284,全身心
1285,然
1286,人人
1287,仍
1288,仍旧
1289,仍然
1290,日复一日
1291,日见
1292,日渐
1293,日益
1294,日臻
1295,如常
1296,如此等等
1297,如次
1298,如今
1299,如期
1300,如前所述
1301,如上
1302,如下
1303,汝
1304,三番两次
1305,三番五次
1306,三天两头
1307,瑟瑟
1308,沙沙
1309,上
1310,上来
1311,上去
1312,一
1313,一些
1314,一何
1315,一切
1316,一则
1317,一方面
1318,一旦
1319,一来
1320,一样
1321,一般
1322,一转眼
1323,万一
1324,上
1325,上下
1326,下
1327,不
1328,不仅
1329,不但
1330,不光
1331,不单
1332,不只
1333,不外乎
1334,不如
1335,不妨
1336,不尽
1337,不尽然
1338,不得
1339,不怕
1340,不惟
1341,不成
1342,不拘
1343,不料
1344,不是
1345,不比
1346,不然
1347,不特
1348,不独
1349,不管
1350,不至于
1351,不若
1352,不论
1353,不过
1354,不问
1355,与
1356,与其
1357,与其说
1358,与否
1359,与此同时
1360,且
1361,且不说
1362,且说
1363,两者
1364,个
1365,个别
1366,临
1367,为
1368,为了
1369,为什么
1370,为何
1371,为止
1372,为此
1373,为着
1374,乃
1375,乃至
1376,乃至于
1377,么
1378,之
1379,之一
1380,之所以
1381,之类
1382,乌乎
1383,乎
1384,乘
1385,也
1386,也好
1387,也罢
1388,了
1389,二来
1390,于
1391,于是
1392,于是乎
1393,云云
1394,云尔
1395,些
1396,亦
1397,人
1398,人们
1399,人家
1400,什么
1401,什么样
1402,今
1403,介于
1404,仍
1405,仍旧
1406,从
1407,从此
1408,从而
1409,他
1410,他人
1411,他们
1412,以
1413,以上
1414,以为
1415,以便
1416,以免
1417,以及
1418,以故
1419,以期
1420,以来
1421,以至
1422,以至于
1423,以致
1424,们
1425,任
1426,任何
1427,任凭
1428,似的
1429,但
1430,但凡
1431,但是
1432,何
1433,何以
1434,何况
1435,何处
1436,何时
1437,余外
1438,作为
1439,你
1440,你们
1441,使
1442,使得
1443,例如
1444,依
1445,依据
1446,依照
1447,便于
1448,俺
1449,俺们
1450,倘
1451,倘使
1452,倘或
1453,倘然
1454,倘若
1455,借
1456,假使
1457,假如
1458,假若
1459,傥然
1460,像
1461,儿
1462,先不先
1463,光是
1464,全体
1465,全部
1466,兮
1467,关于
1468,其
1469,其一
1470,其中
1471,其二
1472,其他
1473,其余
1474,其它
1475,其次
1476,具体地说
1477,具体说来
1478,兼之
1479,内
1480,再
1481,再其次
1482,再则
1483,再有
1484,再者
1485,再者说
1486,再说
1487,冒
1488,冲
1489,况且
1490,几
1491,几时
1492,凡
1493,凡是
1494,凭
1495,凭借
1496,出于
1497,出来
1498,分别
1499,则
1500,则甚
1501,别
1502,别人
1503,别处
1504,别是
1505,别的
1506,别管
1507,别说
1508,到
1509,前后
1510,前此
1511,前者
1512,加之
1513,加以
1514,即
1515,即令
1516,即使
1517,即便
1518,即如
1519,即或
1520,即若
1521,却
1522,去
1523,又
1524,又及
1525,及
1526,及其
1527,及至
1528,反之
1529,反而
1530,反过来
1531,反过来说
1532,受到
1533,另
1534,另一方面
1535,另外
1536,另悉
1537,只
1538,只当
1539,只怕
1540,只是
1541,只有
1542,只消
1543,只要
1544,只限
1545,叫
1546,叮咚
1547,可
1548,可以
1549,可是
1550,可见
1551,各
1552,各个
1553,各位
1554,各种
1555,各自
1556,同
1557,同时
1558,后
1559,后者
1560,向
1561,向使
1562,向着
1563,吓
1564,吗
1565,否则
1566,吧
1567,吧哒
1568,吱
1569,呀
1570,呃
1571,呕
1572,呗
1573,呜
1574,呜呼
1575,呢
1576,呵
1577,呵呵
1578,呸
1579,呼哧
1580,咋
1581,和
1582,咚
1583,咦
1584,咧
1585,咱
1586,咱们
1587,咳
1588,哇
1589,哈
1590,哈哈
1591,哉
1592,哎
1593,哎呀
1594,哎哟
1595,哗
1596,哟
1597,哦
1598,哩
1599,哪
1600,哪个
1601,哪些
1602,哪儿
1603,哪天
1604,哪年
1605,哪怕
1606,哪样
1607,哪边
1608,哪里
1609,哼
1610,哼唷
1611,唉
1612,唯有
1613,啊
1614,啐
1615,啥
1616,啦
1617,啪达
1618,啷当
1619,喂
1620,喏
1621,喔唷
1622,喽
1623,嗡
1624,嗡嗡
1625,嗬
1626,嗯
1627,嗳
1628,嘎
1629,嘎登
1630,嘘
1631,嘛
1632,嘻
1633,嘿
1634,嘿嘿
1635,因
1636,因为
1637,因了
1638,因此
1639,因着
1640,因而
1641,固然
1642,在
1643,在下
1644,在于
1645,地
1646,基于
1647,处在
1648,多
1649,多么
1650,多少
1651,大
1652,大家
1653,她
1654,她们
1655,好
1656,如
1657,如上
1658,如上所述
1659,如下
1660,如何
1661,如其
1662,如同
1663,如是
1664,如果
1665,如此
1666,如若
1667,始而
1668,孰料
1669,孰知
1670,宁
1671,宁可
1672,宁愿
1673,宁肯
1674,它
1675,它们
1676,对
1677,对于
1678,对待
1679,对方
1680,对比
1681,将
1682,小
1683,尔
1684,尔后
1685,尔尔
1686,尚且
1687,就
1688,就是
1689,就是了
1690,就是说
1691,就算
1692,就要
1693,尽
1694,尽管
1695,尽管如此
1696,岂但
1697,己
1698,已
1699,已矣
1700,巴
1701,巴巴
1702,并
1703,并且
1704,并非
1705,庶乎
1706,庶几
1707,开外
1708,开始
1709,归
1710,归齐
1711,当
1712,当地
1713,当然
1714,当着
1715,彼
1716,彼时
1717,彼此
1718,往
1719,待
1720,很
1721,得
1722,得了
1723,怎
1724,怎么
1725,怎么办
1726,怎么样
1727,怎奈
1728,怎样
1729,总之
1730,总的来看
1731,总的来说
1732,总的说来
1733,总而言之
1734,恰恰相反
1735,您
1736,惟其
1737,慢说
1738,我
1739,我们
1740,或
1741,或则
1742,或是
1743,或曰
1744,或者
1745,截至
1746,所
1747,所以
1748,所在
1749,所幸
1750,所有
1751,才
1752,才能
1753,打
1754,打从
1755,把
1756,抑或
1757,拿
1758,按
1759,按照
1760,换句话说
1761,换言之
1762,据
1763,据此
1764,接着
1765,故
1766,故此
1767,故而
1768,旁人
1769,无
1770,无宁
1771,无论
1772,既
1773,既往
1774,既是
1775,既然
1776,时候
1777,是
1778,是以
1779,是的
1780,曾
1781,替
1782,替代
1783,最
1784,有
1785,有些
1786,有关
1787,有及
1788,有时
1789,有的
1790,望
1791,朝
1792,朝着
1793,本
1794,本人
1795,本地
1796,本着
1797,本身
1798,来
1799,来着
1800,来自
1801,来说
1802,极了
1803,果然
1804,果真
1805,某
1806,某个
1807,某些
1808,某某
1809,根据
1810,欤
1811,正值
1812,正如
1813,正巧
1814,正是
1815,此
1816,此地
1817,此处
1818,此外
1819,此时
1820,此次
1821,此间
1822,毋宁
1823,每
1824,每当
1825,比
1826,比及
1827,比如
1828,比方
1829,没奈何
1830,沿
1831,沿着
1832,漫说
1833,焉
1834,然则
1835,然后
1836,然而
1837,照
1838,照着
1839,犹且
1840,犹自
1841,甚且
1842,甚么
1843,甚或
1844,甚而
1845,甚至
1846,甚至于
1847,用
1848,用来
1849,由
1850,由于
1851,由是
1852,由此
1853,由此可见
1854,的
1855,的确
1856,的话
1857,直到
1858,相对而言
1859,省得
1860,看
1861,眨眼
1862,着
1863,着呢
1864,矣
1865,矣乎
1866,矣哉
1867,离
1868,竟而
1869,第
1870,等
1871,等到
1872,等等
1873,简言之
1874,管
1875,类如
1876,紧接着
1877,纵
1878,纵令
1879,纵使
1880,纵然
1881,经
1882,经过
1883,结果
1884,给
1885,继之
1886,继后
1887,继而
1888,综上所述
1889,罢了
1890,者
1891,而
1892,而且
1893,而况
1894,而后
1895,而外
1896,而已
1897,而是
1898,而言
1899,能
1900,能否
1901,腾
1902,自
1903,自个儿
1904,自从
1905,自各儿
1906,自后
1907,自家
1908,自己
1909,自打
1910,自身
1911,至
1912,至于
1913,至今
1914,至若
1915,致
1916,般的
1917,若
1918,若夫
1919,若是
1920,若果
1921,若非
1922,莫不然
1923,莫如
1924,莫若
1925,虽
1926,虽则
1927,虽然
1928,虽说
1929,被
1930,要
1931,要不
1932,要不是
1933,要不然
1934,要么
1935,要是
1936,譬喻
1937,譬如
1938,让
1939,许多
1940,论
1941,设使
1942,设或
1943,设若
1944,诚如
1945,诚然
1946,该
1947,说来
1948,诸
1949,诸位
1950,诸如
1951,谁
1952,谁人
1953,谁料
1954,谁知
1955,贼死
1956,赖以
1957,赶
1958,起
1959,起见
1960,趁
1961,趁着
1962,越是
1963,距
1964,跟
1965,较
1966,较之
1967,边
1968,过
1969,还
1970,还是
1971,还有
1972,还要
1973,这
1974,这一来
1975,这个
1976,这么
1977,这么些
1978,这么样
1979,这么点儿
1980,这些
1981,这会儿
1982,这儿
1983,这就是说
1984,这时
1985,这样
1986,这次
1987,这般
1988,这边
1989,这里
1990,进而
1991,连
1992,连同
1993,逐步
1994,通过
1995,遵循
1996,遵照
1997,那
1998,那个
1999,那么
2000,那么些
2001,那么样
2002,那些
2003,那会儿
2004,那儿
2005,那时
2006,那样
2007,那般
2008,那边
2009,那里
2010,都
2011,鄙人
2012,鉴于
2013,针对
2014,阿
2015,除
2016,除了
2017,除外
2018,除开
2019,除此之外
2020,除非
2021,随
2022,随后
2023,随时
2024,随着
2025,难道说
2026,非但
2027,非徒
2028,非特
2029,非独
2030,靠
2031,顺
2032,顺着
2033,首先
2034,！
2035,，
2036,：
2037,；
2038,？
2039,打开天窗说亮话
2040,到目前为止
2041,赶早不赶晚
2042,常言说得好
2043,何乐而不为
2044,毫无保留地
2045,由此可见
2046,这就是说
2047,这么点儿
2048,综上所述
2049,总的来看
2050,总的来说
2051,总的说来
2052,总而言之
2053,相对而言
2054,除此之外
2055,反过来说
2056,恰恰相反
2057,如上所述
2058,换句话说
2059,具体地说
2060,具体说来
2061,另一方面
2062,与此同时
2063,一则通过
2064,毫无例外
2065,不然的话
2066,从此以后
2067,从古到今
2068,从古至今
2069,从今以后
2070,大张旗鼓
2071,从无到有
2072,从早到晚
2073,弹指之间
2074,不亦乐乎
2075,不知不觉
2076,不止一次
2077,不择手段
2078,不可开交
2079,不可抗拒
2080,不仅仅是
2081,不管怎样
2082,挨家挨户
2083,长此下去
2084,长话短说
2085,除此而外
2086,除此以外
2087,除此之外
2088,得天独厚
2089,川流不息
2090,长期以来
2091,挨门挨户
2092,挨门逐户
2093,多多少少
2094,多多益善
2095,二话不说
2096,更进一步
2097,二话没说
2098,分期分批
2099,风雨无阻
2100,归根到底
2101,归根结底
2102,反之亦然
2103,大面儿上
2104,倒不如说
2105,成年累月
2106,换句话说
2107,或多或少
2108,简而言之
2109,接连不断
2110,尽如人意
2111,尽心竭力
2112,尽心尽力
2113,尽管如此
2114,据我所知
2115,具体地说
2116,具体来说
2117,具体说来
2118,近几年来
2119,每时每刻
2120,屡次三番
2121,三番两次
2122,三番五次
2123,三天两头
2124,另一方面
2125,老老实实
2126,年复一年
2127,恰恰相反
2128,顷刻之间
2129,穷年累月
2130,千万千万
2131,日复一日
2132,如此等等
2133,如前所述
2134,如上所述
2135,一方面
2136,切不可
2137,顷刻间
2138,全身心
2139,另方面
2140,另一个
2141,猛然间
2142,默默地
2143,就是说
2144,近年来
2145,尽可能
2146,接下来
2147,简言之
2148,急匆匆
2149,即是说
2150,基本上
2151,换言之
2152,充其极
2153,充其量
2154,暗地里
2155,反之则
2156,比如说
2157,背地里
2158,背靠背
2159,并没有
2160,不得不
2161,不得了
2162,不得已
2163,不仅仅
2164,不经意
2165,不能不
2166,不外乎
2167,不由得
2168,不怎么
2169,不至于
2170,策略地
2171,差不多
2172,常言道
2173,常言说
2174,多年来
2175,多年前
2176,差一点
2177,敞开儿
2178,抽冷子
2179,大不了
2180,反倒是
2181,反过来
2182,大体上
2183,当口儿
2184,倒不如
2185,怪不得
2186,动不动
2187,看起来
2188,看上去
2189,看样子
2190,够瞧的
2191,到了儿
2192,呆呆地
2193,来不及
2194,来得及
2195,到头来
2196,连日来
2197,于是乎
2198,为什么
2199,这会儿
2200,换言之
2201,那会儿
2202,那么些
2203,那么样
2204,什么样
2205,反过来
2206,紧接着
2207,就是说
2208,要不然
2209,要不是
2210,一方面
2211,以至于
2212,自个儿
2213,自各儿
2214,之所以
2215,这么些
2216,这么样
2217,怎么办
2218,怎么样
2219,谁知
2220,顺着
2221,似的
2222,虽然
2223,虽说
2224,虽则
2225,随着
2226,所以
2227,他们
2228,他人
2229,它们
2230,她们
2231,倘或
2232,倘然
2233,倘若
2234,倘使
2235,要么
2236,要是
2237,也罢
2238,也好
2239,以便
2240,依照
2241,以及
2242,以免
2243,以至
2244,以致
2245,抑或
2246,因此
2247,因而
2248,因为
2249,由于
2250,有的
2251,有关
2252,有些
2253,于是
2254,与否
2255,与其
2256,越是
2257,云云
2258,一般
2259,一旦
2260,一来
2261,一切
2262,一样
2263,同时
2264,万一
2265,为何
2266,为了
2267,为着
2268,嗡嗡
2269,我们
2270,呜呼
2271,乌乎
2272,无论
2273,无宁
2274,沿着
2275,毋宁
2276,向着
2277,照着
2278,怎么
2279,咱们
2280,在下
2281,再说
2282,再者
2283,怎样
2284,这边
2285,这儿
2286,这个
2287,这里
2288,这么
2289,这时
2290,这些
2291,这样
2292,正如
2293,之类
2294,之一
2295,只是
2296,只限
2297,只要
2298,只有
2299,至于
2300,诸位
2301,着呢
2302,纵令
2303,纵然
2304,纵使
2305,遵照
2306,作为
2307,喔唷
2308,自从
2309,自己
2310,自家
2311,自身
2312,总之
2313,要不
2314,哎呀
2315,哎哟
2316,俺们
2317,按照
2318,吧哒
2319,罢了
2320,本着
2321,比方
2322,比如
2323,鄙人
2324,彼此
2325,别的
2326,别说
2327,并且
2328,不比
2329,不成
2330,不单
2331,不但
2332,不独
2333,不管
2334,不光
2335,不过
2336,不仅
2337,不拘
2338,不论
2339,不怕
2340,不然
2341,不如
2342,不特
2343,不惟
2344,不问
2345,不只
2346,朝着
2347,趁着
2348,除非
2349,除了
2350,此间
2351,此外
2352,从而
2353,但是
2354,当着
2355,的话
2356,等等
2357,叮咚
2358,对于
2359,多少
2360,而况
2361,而且
2362,而是
2363,而外
2364,而言
2365,而已
2366,尔后
2367,反之
2368,非但
2369,非徒
2370,否则
2371,嘎登
2372,各个
2373,各位
2374,各种
2375,各自
2376,根据
2377,故此
2378,固然
2379,关于
2380,果然
2381,果真
2382,哈哈
2383,何处
2384,何况
2385,何时
2386,哼唷
2387,呼哧
2388,还是
2389,还有
2390,或是
2391,或者
2392,极了
2393,及其
2394,及至
2395,即便
2396,即或
2397,即令
2398,即若
2399,即使
2400,既然
2401,既是
2402,继而
2403,加之
2404,假如
2405,假若
2406,假使
2407,鉴于
2408,几时
2409,较之
2410,接着
2411,结果
2412,进而
2413,尽管
2414,经过
2415,就是
2416,可见
2417,可是
2418,可以
2419,况且
2420,开始
2421,开外
2422,来着
2423,例如
2424,连同
2425,两者
2426,另外
2427,慢说
2428,漫说
2429,每当
2430,莫若
2431,某个
2432,某些
2433,哪边
2434,哪儿
2435,哪个
2436,哪里
2437,哪年
2438,哪怕
2439,哪天
2440,哪些
2441,哪样
2442,那边
2443,那儿
2444,那个
2445,那里
2446,那么
2447,那时
2448,那些
2449,那样
2450,乃至
2451,宁可
2452,宁肯
2453,宁愿
2454,你们
2455,啪达
2456,旁人
2457,凭借
2458,其次
2459,其二
2460,其他
2461,其它
2462,其一
2463,其余
2464,其中
2465,起见
2466,起见
2467,岂但
2468,前后
2469,前者
2470,然而
2471,然后
2472,然则
2473,人家
2474,任何
2475,任凭
2476,如此
2477,如果
2478,如何
2479,如其
2480,如若
2481,若非
2482,若是
2483,上下
2484,尚且
2485,设若
2486,设使
2487,甚而
2488,甚么
2489,甚至
2490,省得
2491,时候
2492,什么
2493,使得
2494,是的
2495,首先
2496,首先
2497,其次
2498,再次
2499,最后
2500,您们
2501,它们
2502,她们
2503,他们
2504,我们
2505,你是
2506,您是
2507,我是
2508,他是
2509,她是
2510,它是
2511,不是
2512,你们
2513,啊哈
2514,啊呀
2515,啊哟
2516,挨次
2517,挨个
2518,挨着
2519,哎呀
2520,哎哟
2521,俺们
2522,按理
2523,按期
2524,默然
2525,按时
2526,按说
2527,按照
2528,暗中
2529,暗自
2530,昂然
2531,八成
2532,倍感
2533,倍加
2534,本人
2535,本身
2536,本着
2537,并非
2538,别人
2539,必定
2540,比起
2541,比如
2542,比照
2543,鄙人
2544,毕竟
2545,必将
2546,必须
2547,并肩
2548,并没
2549,并排
2550,并且
2551,并无
2552,勃然
2553,不必
2554,不常
2555,不大
2556,不单
2557,不但
2558,而且
2559,不得
2560,不迭
2561,不定
2562,不独
2563,不对
2564,不妨
2565,不管
2566,不光
2567,不过
2568,不会
2569,不仅
2570,不拘
2571,不力
2572,不了
2573,不料
2574,不论
2575,不满
2576,不免
2577,不起
2578,不巧
2579,不然
2580,不日
2581,不少
2582,不胜
2583,不时
2584,不是
2585,不同
2586,不能
2587,不要
2588,不外
2589,不下
2590,不限
2591,不消
2592,不已
2593,不再
2594,不曾
2595,不止
2596,不只
2597,才能
2598,彻夜
2599,趁便
2600,趁机
2601,趁热
2602,趁势
2603,趁早
2604,趁着
2605,成心
2606,乘机
2607,乘势
2608,乘隙
2609,乘虚
2610,诚然
2611,迟早
2612,充分
2613,出来
2614,出去
2615,除此
2616,除非
2617,除开
2618,除了
2619,除去
2620,除却
2621,除外
2622,处处
2623,传说
2624,传闻
2625,纯粹
2626,此后
2627,此间
2628,此外
2629,此中
2630,次第
2631,匆匆
2632,从不
2633,从此
2634,从而
2635,从宽
2636,从来
2637,从轻
2638,从速
2639,从头
2640,从未
2641,从小
2642,从新
2643,从严
2644,从优
2645,从中
2646,从重
2647,凑巧
2648,存心
2649,达旦
2650,打从
2651,大大
2652,大抵
2653,大都
2654,大多
2655,大凡
2656,大概
2657,大家
2658,大举
2659,大略
2660,大约
2661,大致
2662,待到
2663,单纯
2664,单单
2665,但是
2666,但愿
2667,当场
2668,当儿
2669,当即
2670,当然
2671,当庭
2672,当头
2673,当下
2674,当真
2675,当中
2676,当着
2677,倒是
2678,到处
2679,到底
2680,到头
2681,得起
2682,的话
2683,的确
2684,等到
2685,等等
2686,顶多
2687,动辄
2688,陡然
2689,独自
2690,断然
2691,对于
2692,顿时
2693,多次
2694,多多
2695,多亏
2696,而后
2697,而论
2698,而且
2699,而是
2700,而外
2701,而言
2702,而已
2703,而又
2704,尔等
2705,反倒
2706,反而
2707,反手
2708,反之
2709,方才
2710,方能
2711,非常
2712,非但
2713,非得
2714,分头
2715,奋勇
2716,愤然
2717,更为
2718,更加
2719,根据
2720,个人
2721,各式
2722,刚才
2723,敢情
2724,该当
2725,嘎嘎
2726,否则
2727,赶快
2728,敢于
2729,刚好
2730,刚巧
2731,高低
2732,格外
2733,隔日
2734,隔夜
2735,公然
2736,过于
2737,果然
2738,果真
2739,光是
2740,关于
2741,共总
2742,姑且
2743,故此
2744,故而
2745,故意
2746,固然
2747,惯常
2748,毫不
2749,毫无
2750,很多
2751,何须
2752,好在
2753,何必
2754,何尝
2755,何妨
2756,何苦
2757,何况
2758,何止
2759,很少
2760,轰然
2761,后来
2762,呼啦
2763,哗啦
2764,互相
2765,忽地
2766,忽然
2767,话说
2768,或是
2769,伙同
2770,豁然
2771,恍然
2772,还是
2773,或许
2774,或者
2775,基本
2776,基于
2777,极大
2778,极度
2779,极端
2780,极力
2781,极其
2782,极为
2783,即便
2784,即将
2785,及其
2786,及至
2787,即刻
2788,即令
2789,即使
2790,几度
2791,几番
2792,几乎
2793,几经
2794,既然
2795,继而
2796,继之
2797,加上
2798,加以
2799,加之
2800,假如
2801,假若
2802,假使
2803,间或
2804,将才
2805,简直
2806,鉴于
2807,将近
2808,将要
2809,交口
2810,较比
2811,较为
2812,较之
2813,皆可
2814,截然
2815,截至
2816,藉以
2817,借此
2818,借以
2819,届时
2820,尽快
2821,近来
2822,进而
2823,进来
2824,进去
2825,尽管
2826,尽量
2827,尽然
2828,就算
2829,居然
2830,就此
2831,就地
2832,竟然
2833,究竟
2834,经常
2835,尽早
2836,精光
2837,经过
2838,就是
2839,局外
2840,举凡
2841,据称
2842,据此
2843,据实
2844,据说
2845,可好
2846,看来
2847,开外
2848,绝不
2849,决不
2850,据悉
2851,决非
2852,绝顶
2853,绝对
2854,绝非
2855,可见
2856,可能
2857,可是
2858,可以
2859,恐怕
2860,来讲
2861,来看
2862,快要
2863,况且
2864,拦腰
2865,牢牢
2866,老是
2867,累次
2868,累年
2869,理当
2870,理该
2871,理应
2872,例如
2873,立地
2874,立刻
2875,立马
2876,立时
2877,联袂
2878,连连
2879,连日
2880,路经
2881,临到
2882,连声
2883,连同
2884,连袂
2885,另外
2886,另行
2887,屡次
2888,屡屡
2889,缕缕
2890,率尔
2891,率然
2892,略加
2893,略微
2894,略为
2895,论说
2896,马上
2897,猛然
2898,没有
2899,每当
2900,每逢
2901,每每
2902,莫不
2903,莫非
2904,莫如
2905,莫若
2906,哪怕
2907,那么
2908,那末
2909,那些
2910,乃至
2911,难道
2912,难得
2913,难怪
2914,难说
2915,你们
2916,凝神
2917,宁可
2918,宁肯
2919,宁愿
2920,偶而
2921,偶尔
2922,碰巧
2923,譬如
2924,偏偏
2925,平素
2926,迫于
2927,扑通
2928,其次
2929,其后
2930,其实
2931,其它
2932,起初
2933,起来
2934,起首
2935,起头
2936,起先
2937,岂但
2938,岂非
2939,岂止
2940,恰逢
2941,恰好
2942,恰恰
2943,恰巧
2944,恰如
2945,恰似
2946,前后
2947,前者
2948,切莫
2949,切切
2950,切勿
2951,亲口
2952,亲身
2953,亲手
2954,亲眼
2955,亲自
2956,顷刻
2957,请勿
2958,取道
2959,权时
2960,全都
2961,全力
2962,全年
2963,全然
2964,然而
2965,然后
2966,人家
2967,人人
2968,仍旧
2969,仍然
2970,日见
2971,日渐
2972,日益
2973,日臻
2974,如常
2975,如次
2976,如果
2977,如今
2978,如期
2979,如若
2980,如上
2981,如下
2982,上来
2983,上去
2984,瑟瑟
2985,沙沙
2986,啊
2987,哎
2988,唉
2989,俺
2990,按
2991,吧
2992,把
2993,甭
2994,别
2995,嘿
2996,很
2997,乎
2998,会
2999,或
3000,既
3001,及
3002,啦
3003,了
3004,们
3005,你
3006,您
3007,哦
3008,砰
3009,啊
3010,你
3011,我
3012,他
3013,她
3014,它
3015,———
3016,》），
3017,）÷（１－
3018,”，
3019,）、
3020,＝（
3021,:
3022,→
3023,℃
3024,&
3025,*
3026,一一
3027,~~~~
3028,’
3029,.
3030,『
3031,.一
3032,./
3033,--
3034,』
3035,＝″
3036,【
3037,［＊］
3038,｝＞
3039,［⑤］］
3040,［①Ｄ］
3041,ｃ］
3042,ｎｇ昉
3043,＊
3044,//
3045,［
3046,］
3047,［②ｅ］
3048,［②ｇ］
3049,＝｛
3050,}
3051,，也
3052,‘
3053,Ａ
3054,［①⑥］
3055,［②Ｂ］
3056,［①ａ］
3057,［④ａ］
3058,［①③］
3059,［③ｈ］
3060,③］
3061,１．
3062,－－
3063,［②ｂ］
3064,’‘
3065,×××
3066,［①⑧］
3067,０：２
3068,＝［
3069,［⑤ｂ］
3070,［②ｃ］
3071,［④ｂ］
3072,［②③］
3073,［③ａ］
3074,［④ｃ］
3075,［①⑤］
3076,［①⑦］
3077,［①ｇ］
3078,∈［
3079,［①⑨］
3080,［①④］
3081,［①ｃ］
3082,［②ｆ］
3083,［②⑧］
3084,［②①］
3085,［①Ｃ］
3086,［③ｃ］
3087,［③ｇ］
3088,［②⑤］
3089,［②②］
3090,一.
3091,［①ｈ］
3092,.数
3093,［］
3094,［①Ｂ］
3095,数/
3096,［①ｉ］
3097,［③ｅ］
3098,［①①］
3099,［④ｄ］
3100,［④ｅ］
3101,［③ｂ］
3102,［⑤ａ］
3103,［①Ａ］
3104,［②⑧］
3105,［②⑦］
3106,［①ｄ］
3107,［②ｊ］
3108,〕〔
3109,］［
3110,://
3111,′∈
3112,［②④
3113,［⑤ｅ］
3114,１２％
3115,ｂ］
3116,...
3117,...................
3118,…………………………………………………③
3119,ＺＸＦＩＴＬ
3120,［③Ｆ］
3121,」
3122,［①ｏ］
3123,］∧′＝［
3124,∪φ∈
3125,′｜
3126,｛－
3127,②ｃ
3128,｝
3129,［③①］
3130,Ｒ．Ｌ．
3131,［①Ｅ］
3132,Ψ
3133,－［＊］－
3134,↑
3135,.日
3136,［②ｄ］
3137,［②
3138,［②⑦］
3139,［②②］
3140,［③ｅ］
3141,［①ｉ］
3142,［①Ｂ］
3143,［①ｈ］
3144,［①ｄ］
3145,［①ｇ］
3146,［①②］
3147,［②ａ］
3148,ｆ］
3149,［⑩］
3150,ａ］
3151,［①ｅ］
3152,［②ｈ］
3153,［②⑥］
3154,［③ｄ］
3155,［②⑩］
3156,ｅ］
3157,〉
3158,】
3159,元／吨
3160,［②⑩］
3161,２．３％
3162,５：０
3163,［①］
3164,::
3165,［②］
3166,［③］
3167,［④］
3168,［⑤］
3169,［⑥］
3170,［⑦］
3171,［⑧］
3172,［⑨］
3173,……
3174,——
3175,?
3176,、
3177,。
3178,“
3179,”
3180,《
3181,》
3182,！
3183,，
3184,：
3185,；
3186,？
3187,．
3188,","
3189,．
3190,'
3191,?
3192,·
3193,———
3194,──
3195,?
3196,—
3197,<
3198,>
3199,（
3200,）
3201,〔
3202,〕
3203,[
3204,]
3205,(
3206,)
3207,-
3208,+
3209,～
3210,×
3211,／
3212,/
3213,①
3214,②
3215,③
3216,④
3217,⑤
3218,⑥
3219,⑦
3220,⑧
3221,⑨
3222,⑩
3223,Ⅲ
3224,В
3225,""""
3226,;
3227,#
3228,@
3229,γ
3230,μ
3231,φ
3232,φ．
3233,×
3234,Δ
3235,■
3236,▲
3237,sub
3238,exp
3239,sup
3240,sub
3241,Lex
3242,＃
3243,％
3244,＆
3245,＇
3246,＋
3247,＋ξ
3248,＋＋
3249,－
3250,－β
3251,＜
3252,＜±
3253,＜Δ
3254,＜λ
3255,＜φ
3256,＜＜
3257,=
3258,＝
3259,＝☆
3260,＝－
3261,＞
3262,＞λ
3263,＿
3264,～±
3265,～＋
3266,［⑤ｆ］
3267,［⑤ｄ］
3268,［②ｉ］
3269,≈
3270,［②Ｇ］
3271,［①ｆ］
3272,ＬＩ
3273,㈧
3274,［－
3275,......
3276,〉
3277,［③⑩］
3278,第二
3279,一番
3280,一直
3281,一个
3282,一些
3283,许多
3284,种
3285,有的是
3286,也就是说
3287,末##末
3288,啊
3289,阿
3290,哎
3291,哎呀
3292,哎哟
3293,唉
3294,俺
3295,俺们
3296,按
3297,按照
3298,吧
3299,吧哒
3300,把
3301,罢了
3302,被
3303,本
3304,本着
3305,比
3306,比方
3307,比如
3308,鄙人
3309,彼
3310,彼此
3311,边
3312,别
3313,别的
3314,别说
3315,并
3316,并且
3317,不比
3318,不成
3319,不单
3320,不但
3321,不独
3322,不管
3323,不光
3324,不过
3325,不仅
3326,不拘
3327,不论
3328,不怕
3329,不然
3330,不如
3331,不特
3332,不惟
3333,不问
3334,不只
3335,朝
3336,朝着
3337,趁
3338,趁着
3339,乘
3340,冲
3341,除
3342,除此之外
3343,除非
3344,除了
3345,此
3346,此间
3347,此外
3348,从
3349,从而
3350,打
3351,待
3352,但
3353,但是
3354,当
3355,当着
3356,到
3357,得
3358,的
3359,的话
3360,等
3361,等等
3362,地
3363,第
3364,叮咚
3365,对
3366,对于
3367,多
3368,多少
3369,而
3370,而况
3371,而且
3372,而是
3373,而外
3374,而言
3375,而已
3376,尔后
3377,反过来
3378,反过来说
3379,反之
3380,非但
3381,非徒
3382,否则
3383,嘎
3384,嘎登
3385,该
3386,赶
3387,个
3388,各
3389,各个
3390,各位
3391,各种
3392,各自
3393,给
3394,根据
3395,跟
3396,故
3397,故此
3398,固然
3399,关于
3400,管
3401,归
3402,果然
3403,果真
3404,过
3405,哈
3406,哈哈
3407,呵
3408,和
3409,何
3410,何处
3411,何况
3412,何时
3413,嘿
3414,哼
3415,哼唷
3416,呼哧
3417,乎
3418,哗
3419,还是
3420,还有
3421,换句话说
3422,换言之
3423,或
3424,或是
3425,或者
3426,极了
3427,及
3428,及其
3429,及至
3430,即
3431,即便
3432,即或
3433,即令
3434,即若
3435,即使
3436,几
3437,几时
3438,己
3439,既
3440,既然
3441,既是
3442,继而
3443,加之
3444,假如
3445,假若
3446,假使
3447,鉴于
3448,将
3449,较
3450,较之
3451,叫
3452,接着
3453,结果
3454,借
3455,紧接着
3456,进而
3457,尽
3458,尽管
3459,经
3460,经过
3461,就
3462,就是
3463,就是说
3464,据
3465,具体地说
3466,具体说来
3467,开始
3468,开外
3469,靠
3470,咳
3471,可
3472,可见
3473,可是
3474,可以
3475,况且
3476,啦
3477,来
3478,来着
3479,离
3480,例如
3481,哩
3482,连
3483,连同
3484,两者
3485,了
3486,临
3487,另
3488,另外
3489,另一方面
3490,论
3491,嘛
3492,吗
3493,慢说
3494,漫说
3495,冒
3496,么
3497,每
3498,每当
3499,们
3500,莫若
3501,某
3502,某个
3503,某些
3504,拿
3505,哪
3506,哪边
3507,哪儿
3508,哪个
3509,哪里
3510,哪年
3511,哪怕
3512,哪天
3513,哪些
3514,哪样
3515,那
3516,那边
3517,那儿
3518,那个
3519,那会儿
3520,那里
3521,那么
3522,那么些
3523,那么样
3524,那时
3525,那些
3526,那样
3527,乃
3528,乃至
3529,呢
3530,能
3531,你
3532,你们
3533,您
3534,宁
3535,宁可
3536,宁肯
3537,宁愿
3538,哦
3539,呕
3540,啪达
3541,旁人
3542,呸
3543,凭
3544,凭借
3545,其
3546,其次
3547,其二
3548,其他
3549,其它
3550,其一
3551,其余
3552,其中
3553,起
3554,起见
3555,起见
3556,岂但
3557,恰恰相反
3558,前后
3559,前者
3560,且
3561,然而
3562,然后
3563,然则
3564,让
3565,人家
3566,任
3567,任何
3568,任凭
3569,如
3570,如此
3571,如果
3572,如何
3573,如其
3574,如若
3575,如上所述
3576,若
3577,若非
3578,若是
3579,啥
3580,上下
3581,尚且
3582,设若
3583,设使
3584,甚而
3585,甚么
3586,甚至
3587,省得
3588,时候
3589,什么
3590,什么样
3591,使得
3592,是
3593,是的
3594,首先
3595,谁
3596,谁知
3597,顺
3598,顺着
3599,似的
3600,虽
3601,虽然
3602,虽说
3603,虽则
3604,随
3605,随着
3606,所
3607,所以
3608,他
3609,他们
3610,他人
3611,它
3612,它们
3613,她
3614,她们
3615,倘
3616,倘或
3617,倘然
3618,倘若
3619,倘使
3620,腾
3621,替
3622,通过
3623,同
3624,同时
3625,哇
3626,万一
3627,往
3628,望
3629,为
3630,为何
3631,为了
3632,为什么
3633,为着
3634,喂
3635,嗡嗡
3636,我
3637,我们
3638,呜
3639,呜呼
3640,乌乎
3641,无论
3642,无宁
3643,毋宁
3644,嘻
3645,吓
3646,相对而言
3647,像
3648,向
3649,向着
3650,嘘
3651,呀
3652,焉
3653,沿
3654,沿着
3655,要
3656,要不
3657,要不然
3658,要不是
3659,要么
3660,要是
3661,也
3662,也罢
3663,也好
3664,一
3665,一般
3666,一旦
3667,一方面
3668,一来
3669,一切
3670,一样
3671,一则
3672,依
3673,依照
3674,矣
3675,以
3676,以便
3677,以及
3678,以免
3679,以至
3680,以至于
3681,以致
3682,抑或
3683,因
3684,因此
3685,因而
3686,因为
3687,哟
3688,用
3689,由
3690,由此可见
3691,由于
3692,有
3693,有的
3694,有关
3695,有些
3696,又
3697,于
3698,于是
3699,于是乎
3700,与
3701,与此同时
3702,与否
3703,与其
3704,越是
3705,云云
3706,哉
3707,再说
3708,再者
3709,在
3710,在下
3711,咱
3712,咱们
3713,则
3714,怎
3715,怎么
3716,怎么办
3717,怎么样
3718,怎样
3719,咋
3720,照
3721,照着
3722,者
3723,这
3724,这边
3725,这儿
3726,这个
3727,这会儿
3728,这就是说
3729,这里
3730,这么
3731,这么点儿
3732,这么些
3733,这么样
3734,这时
3735,这些
3736,这样
3737,正如
3738,吱
3739,之
3740,之类
3741,之所以
3742,之一
3743,只是
3744,只限
3745,只要
3746,只有
3747,至
3748,至于
3749,诸位
3750,着
3751,着呢
3752,自
3753,自从
3754,自个儿
3755,自各儿
3756,自己
3757,自家
3758,自身
3759,综上所述
3760,总的来看
3761,总的来说
3762,总的说来
3763,总而言之
3764,总之
3765,纵
3766,纵令
3767,纵然
3768,纵使
3769,遵照
3770,作为
3771,兮
3772,呃
3773,呗
3774,咚
3775,咦
3776,喏
3777,啐
3778,喔唷
3779,嗬
3780,嗯
3781,嗳
3782,--
3783,?
3784,“
3785,”
3786,》
3787,－－
3788,一
3789,一下
3790,一些
3791,一切
3792,一则
3793,一天
3794,一定
3795,一方面
3796,一旦
3797,一时
3798,一来
3799,一样
3800,一次
3801,一片
3802,一直
3803,一致
3804,一般
3805,一起
3806,一边
3807,一面
3808,万一
3809,上下
3810,上升
3811,上去
3812,上来
3813,上述
3814,上面
3815,下列
3816,下去
3817,下来
3818,下面
3819,不一
3820,不久
3821,不仅
3822,不会
3823,不但
3824,不光
3825,不单
3826,不变
3827,不只
3828,不可
3829,不同
3830,不够
3831,不如
3832,不得
3833,不怕
3834,不惟
3835,不成
3836,不拘
3837,不敢
3838,不断
3839,不是
3840,不比
3841,不然
3842,不特
3843,不独
3844,不管
3845,不能
3846,不要
3847,不论
3848,不足
3849,不过
3850,不问
3851,与
3852,与其
3853,与否
3854,与此同时
3855,专门
3856,且
3857,两者
3858,严格
3859,严重
3860,个
3861,个人
3862,个别
3863,中小
3864,中间
3865,丰富
3866,临
3867,为
3868,为主
3869,为了
3870,为什么
3871,为什麽
3872,为何
3873,为着
3874,主张
3875,主要
3876,举行
3877,乃
3878,乃至
3879,么
3880,之
3881,之一
3882,之前
3883,之后
3884,之後
3885,之所以
3886,之类
3887,乌乎
3888,乎
3889,乘
3890,也
3891,也好
3892,也是
3893,也罢
3894,了
3895,了解
3896,争取
3897,于
3898,于是
3899,于是乎
3900,云云
3901,互相
3902,产生
3903,人们
3904,人家
3905,什么
3906,什么样
3907,什麽
3908,今后
3909,今天
3910,今年
3911,今後
3912,仍然
3913,从
3914,从事
3915,从而
3916,他
3917,他人
3918,他们
3919,他的
3920,代替
3921,以
3922,以上
3923,以下
3924,以为
3925,以便
3926,以免
3927,以前
3928,以及
3929,以后
3930,以外
3931,以後
3932,以来
3933,以至
3934,以至于
3935,以致
3936,们
3937,任
3938,任何
3939,任凭
3940,任务
3941,企图
3942,伟大
3943,似乎
3944,似的
3945,但
3946,但是
3947,何
3948,何况
3949,何处
3950,何时
3951,作为
3952,你
3953,你们
3954,你的
3955,使得
3956,使用
3957,例如
3958,依
3959,依照
3960,依靠
3961,促进
3962,保持
3963,俺
3964,俺们
3965,倘
3966,倘使
3967,倘或
3968,倘然
3969,倘若
3970,假使
3971,假如
3972,假若
3973,做到
3974,像
3975,允许
3976,充分
3977,先后
3978,先後
3979,先生
3980,全部
3981,全面
3982,兮
3983,共同
3984,关于
3985,其
3986,其一
3987,其中
3988,其二
3989,其他
3990,其余
3991,其它
3992,其实
3993,其次
3994,具体
3995,具体地说
3996,具体说来
3997,具有
3998,再者
3999,再说
4000,冒
4001,冲
4002,决定
4003,况且
4004,准备
4005,几
4006,几乎
4007,几时
4008,凭
4009,凭借
4010,出去
4011,出来
4012,出现
4013,分别
4014,则
4015,别
4016,别的
4017,别说
4018,到
4019,前后
4020,前者
4021,前进
4022,前面
4023,加之
4024,加以
4025,加入
4026,加强
4027,十分
4028,即
4029,即令
4030,即使
4031,即便
4032,即或
4033,即若
4034,却不
4035,原来
4036,又
4037,及
4038,及其
4039,及时
4040,及至
4041,双方
4042,反之
4043,反应
4044,反映
4045,反过来
4046,反过来说
4047,取得
4048,受到
4049,变成
4050,另
4051,另一方面
4052,另外
4053,只是
4054,只有
4055,只要
4056,只限
4057,叫
4058,叫做
4059,召开
4060,叮咚
4061,可
4062,可以
4063,可是
4064,可能
4065,可见
4066,各
4067,各个
4068,各人
4069,各位
4070,各地
4071,各种
4072,各级
4073,各自
4074,合理
4075,同
4076,同一
4077,同时
4078,同样
4079,后来
4080,后面
4081,向
4082,向着
4083,吓
4084,吗
4085,否则
4086,吧
4087,吧哒
4088,吱
4089,呀
4090,呃
4091,呕
4092,呗
4093,呜
4094,呜呼
4095,呢
4096,周围
4097,呵
4098,呸
4099,呼哧
4100,咋
4101,和
4102,咚
4103,咦
4104,咱
4105,咱们
4106,咳
4107,哇
4108,哈
4109,哈哈
4110,哉
4111,哎
4112,哎呀
4113,哎哟
4114,哗
4115,哟
4116,哦
4117,哩
4118,哪
4119,哪个
4120,哪些
4121,哪儿
4122,哪天
4123,哪年
4124,哪怕
4125,哪样
4126,哪边
4127,哪里
4128,哼
4129,哼唷
4130,唉
4131,啊
4132,啐
4133,啥
4134,啦
4135,啪达
4136,喂
4137,喏
4138,喔唷
4139,嗡嗡
4140,嗬
4141,嗯
4142,嗳
4143,嘎
4144,嘎登
4145,嘘
4146,嘛
4147,嘻
4148,嘿
4149,因
4150,因为
4151,因此
4152,因而
4153,固然
4154,在
4155,在下
4156,地
4157,坚决
4158,坚持
4159,基本
4160,处理
4161,复杂
4162,多
4163,多少
4164,多数
4165,多次
4166,大力
4167,大多数
4168,大大
4169,大家
4170,大批
4171,大约
4172,大量
4173,失去
4174,她
4175,她们
4176,她的
4177,好的
4178,好象
4179,如
4180,如上所述
4181,如下
4182,如何
4183,如其
4184,如果
4185,如此
4186,如若
4187,存在
4188,宁
4189,宁可
4190,宁愿
4191,宁肯
4192,它
4193,它们
4194,它们的
4195,它的
4196,安全
4197,完全
4198,完成
4199,实现
4200,实际
4201,宣布
4202,容易
4203,密切
4204,对
4205,对于
4206,对应
4207,将
4208,少数
4209,尔后
4210,尚且
4211,尤其
4212,就
4213,就是
4214,就是说
4215,尽
4216,尽管
4217,属于
4218,岂但
4219,左右
4220,巨大
4221,巩固
4222,己
4223,已经
4224,帮助
4225,常常
4226,并
4227,并不
4228,并不是
4229,并且
4230,并没有
4231,广大
4232,广泛
4233,应当
4234,应用
4235,应该
4236,开外
4237,开始
4238,开展
4239,引起
4240,强烈
4241,强调
4242,归
4243,当
4244,当前
4245,当时
4246,当然
4247,当着
4248,形成
4249,彻底
4250,彼
4251,彼此
4252,往
4253,往往
4254,待
4255,後来
4256,後面
4257,得
4258,得出
4259,得到
4260,心里
4261,必然
4262,必要
4263,必须
4264,怎
4265,怎么
4266,怎么办
4267,怎么样
4268,怎样
4269,怎麽
4270,总之
4271,总是
4272,总的来看
4273,总的来说
4274,总的说来
4275,总结
4276,总而言之
4277,恰恰相反
4278,您
4279,意思
4280,愿意
4281,慢说
4282,成为
4283,我
4284,我们
4285,我的
4286,或
4287,或是
4288,或者
4289,战斗
4290,所
4291,所以
4292,所有
4293,所谓
4294,打
4295,扩大
4296,把
4297,抑或
4298,拿
4299,按
4300,按照
4301,换句话说
4302,换言之
4303,据
4304,掌握
4305,接着
4306,接著
4307,故
4308,故此
4309,整个
4310,方便
4311,方面
4312,旁人
4313,无宁
4314,无法
4315,无论
4316,既
4317,既是
4318,既然
4319,时候
4320,明显
4321,明确
4322,是
4323,是否
4324,是的
4325,显然
4326,显著
4327,普通
4328,普遍
4329,更加
4330,曾经
4331,替
4332,最后
4333,最大
4334,最好
4335,最後
4336,最近
4337,最高
4338,有
4339,有些
4340,有关
4341,有利
4342,有力
4343,有所
4344,有效
4345,有时
4346,有点
4347,有的
4348,有着
4349,有著
4350,望
4351,朝
4352,朝着
4353,本
4354,本着
4355,来
4356,来着
4357,极了
4358,构成
4359,果然
4360,果真
4361,某
4362,某个
4363,某些
4364,根据
4365,根本
4366,欢迎
4367,正在
4368,正如
4369,正常
4370,此
4371,此外
4372,此时
4373,此间
4374,毋宁
4375,每
4376,每个
4377,每天
4378,每年
4379,每当
4380,比
4381,比如
4382,比方
4383,比较
4384,毫不
4385,没有
4386,沿
4387,沿着
4388,注意
4389,深入
4390,清楚
4391,满足
4392,漫说
4393,焉
4394,然则
4395,然后
4396,然後
4397,然而
4398,照
4399,照着
4400,特别是
4401,特殊
4402,特点
4403,现代
4404,现在
4405,甚么
4406,甚而
4407,甚至
4408,用
4409,由
4410,由于
4411,由此可见
4412,的
4413,的话
4414,目前
4415,直到
4416,直接
4417,相似
4418,相信
4419,相反
4420,相同
4421,相对
4422,相对而言
4423,相应
4424,相当
4425,相等
4426,省得
4427,看出
4428,看到
4429,看来
4430,看看
4431,看见
4432,真是
4433,真正
4434,着
4435,着呢
4436,矣
4437,知道
4438,确定
4439,离
4440,积极
4441,移动
4442,突出
4443,突然
4444,立即
4445,第
4446,等
4447,等等
4448,管
4449,紧接着
4450,纵
4451,纵令
4452,纵使
4453,纵然
4454,练习
4455,组成
4456,经
4457,经常
4458,经过
4459,结合
4460,结果
4461,给
4462,绝对
4463,继续
4464,继而
4465,维持
4466,综上所述
4467,罢了
4468,考虑
4469,者
4470,而
4471,而且
4472,而况
4473,而外
4474,而已
4475,而是
4476,而言
4477,联系
4478,能
4479,能否
4480,能够
4481,腾
4482,自
4483,自个儿
4484,自从
4485,自各儿
4486,自家
4487,自己
4488,自身
4489,至
4490,至于
4491,良好
4492,若
4493,若是
4494,若非
4495,范围
4496,莫若
4497,获得
4498,虽
4499,虽则
4500,虽然
4501,虽说
4502,行为
4503,行动
4504,表明
4505,表示
4506,被
4507,要
4508,要不
4509,要不是
4510,要不然
4511,要么
4512,要是
4513,要求
4514,规定
4515,觉得
4516,认为
4517,认真
4518,认识
4519,让
4520,许多
4521,论
4522,设使
4523,设若
4524,该
4525,说明
4526,诸位
4527,谁
4528,谁知
4529,赶
4530,起
4531,起来
4532,起见
4533,趁
4534,趁着
4535,越是
4536,跟
4537,转动
4538,转变
4539,转贴
4540,较
4541,较之
4542,边
4543,达到
4544,迅速
4545,过
4546,过去
4547,过来
4548,运用
4549,还是
4550,还有
4551,这
4552,这个
4553,这么
4554,这么些
4555,这么样
4556,这么点儿
4557,这些
4558,这会儿
4559,这儿
4560,这就是说
4561,这时
4562,这样
4563,这点
4564,这种
4565,这边
4566,这里
4567,这麽
4568,进入
4569,进步
4570,进而
4571,进行
4572,连
4573,连同
4574,适应
4575,适当
4576,适用
4577,逐步
4578,逐渐
4579,通常
4580,通过
4581,造成
4582,遇到
4583,遭到
4584,避免
4585,那
4586,那个
4587,那么
4588,那么些
4589,那么样
4590,那些
4591,那会儿
4592,那儿
4593,那时
4594,那样
4595,那边
4596,那里
4597,那麽
4598,部分
4599,鄙人
4600,采取
4601,里面
4602,重大
4603,重新
4604,重要
4605,鉴于
4606,问题
4607,防止
4608,阿
4609,附近
4610,限制
4611,除
4612,除了
4613,除此之外
4614,除非
4615,随
4616,随着
4617,随著
4618,集中
4619,需要
4620,非但
4621,非常
4622,非徒
4623,靠
4624,顺
4625,顺着
4626,首先
4627,高兴
4628,是不是
4629,说说
4630,","
4631,?
4632,、
4633,。
4634,“
4635,”
4636,《
4637,》
4638,！
4639,，
4640,：
4641,；
4642,？
4643,人民
4644,末##末
4645,啊
4646,阿
4647,哎
4648,哎呀
4649,哎哟
4650,唉
4651,俺
4652,俺们
4653,按
4654,按照
4655,吧
4656,吧哒
4657,把
4658,罢了
4659,被
4660,本
4661,本着
4662,比
4663,比方
4664,比如
4665,鄙人
4666,彼
4667,彼此
4668,边
4669,别
4670,别的
4671,别说
4672,并
4673,并且
4674,不比
4675,不成
4676,不单
4677,不但
4678,不独
4679,不管
4680,不光
4681,不过
4682,不仅
4683,不拘
4684,不论
4685,不怕
4686,不然
4687,不如
4688,不特
4689,不惟
4690,不问
4691,不只
4692,朝
4693,朝着
4694,趁
4695,趁着
4696,乘
4697,冲
4698,除
4699,除此之外
4700,除非
4701,除了
4702,此
4703,此间
4704,此外
4705,从
4706,从而
4707,打
4708,待
4709,但
4710,但是
4711,当
4712,当着
4713,到
4714,得
4715,的
4716,的话
4717,等
4718,等等
4719,地
4720,第
4721,叮咚
4722,对
4723,对于
4724,多
4725,多少
4726,而
4727,而况
4728,而且
4729,而是
4730,而外
4731,而言
4732,而已
4733,尔后
4734,反过来
4735,反过来说
4736,反之
4737,非但
4738,非徒
4739,否则
4740,嘎
4741,嘎登
4742,该
4743,赶
4744,个
4745,各
4746,各个
4747,各位
4748,各种
4749,各自
4750,给
4751,根据
4752,跟
4753,故
4754,故此
4755,固然
4756,关于
4757,管
4758,归
4759,果然
4760,果真
4761,过
4762,哈
4763,哈哈
4764,呵
4765,和
4766,何
4767,何处
4768,何况
4769,何时
4770,嘿
4771,哼
4772,哼唷
4773,呼哧
4774,乎
4775,哗
4776,还是
4777,还有
4778,换句话说
4779,换言之
4780,或
4781,或是
4782,或者
4783,极了
4784,及
4785,及其
4786,及至
4787,即
4788,即便
4789,即或
4790,即令
4791,即若
4792,即使
4793,几
4794,几时
4795,己
4796,既
4797,既然
4798,既是
4799,继而
4800,加之
4801,假如
4802,假若
4803,假使
4804,鉴于
4805,将
4806,较
4807,较之
4808,叫
4809,接着
4810,结果
4811,借
4812,紧接着
4813,进而
4814,尽
4815,尽管
4816,经
4817,经过
4818,就
4819,就是
4820,就是说
4821,据
4822,具体地说
4823,具体说来
4824,开始
4825,开外
4826,靠
4827,咳
4828,可
4829,可见
4830,可是
4831,可以
4832,况且
4833,啦
4834,来
4835,来着
4836,离
4837,例如
4838,哩
4839,连
4840,连同
4841,两者
4842,了
4843,临
4844,另
4845,另外
4846,另一方面
4847,论
4848,嘛
4849,吗
4850,慢说
4851,漫说
4852,冒
4853,么
4854,每
4855,每当
4856,们
4857,莫若
4858,某
4859,某个
4860,某些
4861,拿
4862,哪
4863,哪边
4864,哪儿
4865,哪个
4866,哪里
4867,哪年
4868,哪怕
4869,哪天
4870,哪些
4871,哪样
4872,那
4873,那边
4874,那儿
4875,那个
4876,那会儿
4877,那里
4878,那么
4879,那么些
4880,那么样
4881,那时
4882,那些
4883,那样
4884,乃
4885,乃至
4886,呢
4887,能
4888,你
4889,你们
4890,您
4891,宁
4892,宁可
4893,宁肯
4894,宁愿
4895,哦
4896,呕
4897,啪达
4898,旁人
4899,呸
4900,凭
4901,凭借
4902,其
4903,其次
4904,其二
4905,其他
4906,其它
4907,其一
4908,其余
4909,其中
4910,起
4911,起见
4912,岂但
4913,恰恰相反
4914,前后
4915,前者
4916,且
4917,然而
4918,然后
4919,然则
4920,让
4921,人家
4922,任
4923,任何
4924,任凭
4925,如
4926,如此
4927,如果
4928,如何
4929,如其
4930,如若
4931,如上所述
4932,若
4933,若非
4934,若是
4935,啥
4936,上下
4937,尚且
4938,设若
4939,设使
4940,甚而
4941,甚么
4942,甚至
4943,省得
4944,时候
4945,什么
4946,什么样
4947,使得
4948,是
4949,是的
4950,首先
4951,谁
4952,谁知
4953,顺
4954,顺着
4955,似的
4956,虽
4957,虽然
4958,虽说
4959,虽则
4960,随
4961,随着
4962,所
4963,所以
4964,他
4965,他们
4966,他人
4967,它
4968,它们
4969,她
4970,她们
4971,倘
4972,倘或
4973,倘然
4974,倘若
4975,倘使
4976,腾
4977,替
4978,通过
4979,同
4980,同时
4981,哇
4982,万一
4983,往
4984,望
4985,为
4986,为何
4987,为了
4988,为什么
4989,为着
4990,喂
4991,嗡嗡
4992,我
4993,我们
4994,呜
4995,呜呼
4996,乌乎
4997,无论
4998,无宁
4999,毋宁
5000,嘻
5001,吓
5002,相对而言
5003,像
5004,向
5005,向着
5006,嘘
5007,呀
5008,焉
5009,沿
5010,沿着
5011,要
5012,要不
5013,要不然
5014,要不是
5015,要么
5016,要是
5017,也
5018,也罢
5019,也好
5020,一
5021,一般
5022,一旦
5023,一方面
5024,一来
5025,一切
5026,一样
5027,一则
5028,依
5029,依照
5030,矣
5031,以
5032,以便
5033,以及
5034,以免
5035,以至
5036,以至于
5037,以致
5038,抑或
5039,因
5040,因此
5041,因而
5042,因为
5043,哟
5044,用
5045,由
5046,由此可见
5047,由于
5048,有
5049,有的
5050,有关
5051,有些
5052,又
5053,于
5054,于是
5055,于是乎
5056,与
5057,与此同时
5058,与否
5059,与其
5060,越是
5061,云云
5062,哉
5063,再说
5064,再者
5065,在
5066,在下
5067,咱
5068,咱们
5069,则
5070,怎
5071,怎么
5072,怎么办
5073,怎么样
5074,怎样
5075,咋
5076,照
5077,照着
5078,者
5079,这
5080,这边
5081,这儿
5082,这个
5083,这会儿
5084,这就是说
5085,这里
5086,这么
5087,这么点儿
5088,这么些
5089,这么样
5090,这时
5091,这些
5092,这样
5093,正如
5094,吱
5095,之
5096,之类
5097,之所以
5098,之一
5099,只是
5100,只限
5101,只要
5102,只有
5103,至
5104,至于
5105,诸位
5106,着
5107,着呢
5108,自
5109,自从
5110,自个儿
5111,自各儿
5112,自己
5113,自家
5114,自身
5115,综上所述
5116,总的来看
5117,总的来说
5118,总的说来
5119,总而言之
5120,总之
5121,纵
5122,纵令
5123,纵然
5124,纵使
5125,遵照
5126,作为
5127,兮
5128,呃
5129,呗
5130,咚
5131,咦
5132,喏
5133,啐
5134,喔唷
5135,嗬
5136,嗯
5137,嗳
5138,~
5139,!
5140,.
5141,:
5142,""""
5143,'
5144,(
5145,)
5146,*
5147,A
5148,白
5149,社会主义
5150,--
5151,..
5152,>>
5153, [
5154, ]
5155,
5156,<
5157,>
5158,/
5159,\
5160,|
5161,-
5162,_
5163,+
5164,=
5165,&
5166,^
5167,%
5168,#
5169,@
5170,`
5171,;
5172,$
5173,（
5174,）
5175,——
5176,—
5177,￥
5178,·
5179,...
5180,‘
5181,’
5182,〉
5183,〈
5184,…
5185,　
5186,0
5187,1
5188,2
5189,3
5190,4
5191,5
5192,6
5193,7
5194,8
5195,9
5196,０
5197,１
5198,２
5199,３
5200,４
5201,５
5202,６
5203,７
5204,８
5205,９
5206,二
5207,三
5208,四
5209,五
5210,六
5211,七
5212,八
5213,九
5214,零
5215,＞
5216,＜
5217,＠
5218,＃
5219,＄
5220,％
5221,︿
5222,＆
5223,＊
5224,＋
5225,～
5226,｜
5227,［
5228,］
5229,｛
5230,｝
5231,啊哈
5232,啊呀
5233,啊哟
5234,挨次
5235,挨个
5236,挨家挨户
5237,挨门挨户
5238,挨门逐户
5239,挨着
5240,按理
5241,按期
5242,按时
5243,按说
5244,暗地里
5245,暗中
5246,暗自
5247,昂然
5248,八成
5249,白白
5250,半
5251,梆
5252,保管
5253,保险
5254,饱
5255,背地里
5256,背靠背
5257,倍感
5258,倍加
5259,本人
5260,本身
5261,甭
5262,比起
5263,比如说
5264,比照
5265,毕竟
5266,必
5267,必定
5268,必将
5269,必须
5270,便
5271,别人
5272,并非
5273,并肩
5274,并没
5275,并没有
5276,并排
5277,并无
5278,勃然
5279,不
5280,不必
5281,不常
5282,不大
5283,不但...而且
5284,不得
5285,不得不
5286,不得了
5287,不得已
5288,不迭
5289,不定
5290,不对
5291,不妨
5292,不管怎样
5293,不会
5294,不仅...而且
5295,不仅仅
5296,不仅仅是
5297,不经意
5298,不可开交
5299,不可抗拒
5300,不力
5301,不了
5302,不料
5303,不满
5304,不免
5305,不能不
5306,不起
5307,不巧
5308,不然的话
5309,不日
5310,不少
5311,不胜
5312,不时
5313,不是
5314,不同
5315,不能
5316,不要
5317,不外
5318,不外乎
5319,不下
5320,不限
5321,不消
5322,不已
5323,不亦乐乎
5324,不由得
5325,不再
5326,不择手段
5327,不怎么
5328,不曾
5329,不知不觉
5330,不止
5331,不止一次
5332,不至于
5333,才
5334,才能
5335,策略地
5336,差不多
5337,差一点
5338,常
5339,常常
5340,常言道
5341,常言说
5342,常言说得好
5343,长此下去
5344,长话短说
5345,长期以来
5346,长线
5347,敞开儿
5348,彻夜
5349,陈年
5350,趁便
5351,趁机
5352,趁热
5353,趁势
5354,趁早
5355,成年
5356,成年累月
5357,成心
5358,乘机
5359,乘胜
5360,乘势
5361,乘隙
5362,乘虚
5363,诚然
5364,迟早
5365,充分
5366,充其极
5367,充其量
5368,抽冷子
5369,臭
5370,初
5371,出
5372,出来
5373,出去
5374,除此
5375,除此而外
5376,除此以外
5377,除开
5378,除去
5379,除却
5380,除外
5381,处处
5382,川流不息
5383,传
5384,传说
5385,传闻
5386,串行
5387,纯
5388,纯粹
5389,此后
5390,此中
5391,次第
5392,匆匆
5393,从不
5394,从此
5395,从此以后
5396,从古到今
5397,从古至今
5398,从今以后
5399,从宽
5400,从来
5401,从轻
5402,从速
5403,从头
5404,从未
5405,从无到有
5406,从小
5407,从新
5408,从严
5409,从优
5410,从早到晚
5411,从中
5412,从重
5413,凑巧
5414,粗
5415,存心
5416,达旦
5417,打从
5418,打开天窗说亮话
5419,大
5420,大不了
5421,大大
5422,大抵
5423,大都
5424,大多
5425,大凡
5426,大概
5427,大家
5428,大举
5429,大略
5430,大面儿上
5431,大事
5432,大体
5433,大体上
5434,大约
5435,大张旗鼓
5436,大致
5437,呆呆地
5438,带
5439,殆
5440,待到
5441,单
5442,单纯
5443,单单
5444,但愿
5445,弹指之间
5446,当场
5447,当儿
5448,当即
5449,当口儿
5450,当然
5451,当庭
5452,当头
5453,当下
5454,当真
5455,当中
5456,倒不如
5457,倒不如说
5458,倒是
5459,到处
5460,到底
5461,到了儿
5462,到目前为止
5463,到头
5464,到头来
5465,得起
5466,得天独厚
5467,的确
5468,等到
5469,叮当
5470,顶多
5471,定
5472,动不动
5473,动辄
5474,陡然
5475,都
5476,独
5477,独自
5478,断然
5479,顿时
5480,多次
5481,多多
5482,多多少少
5483,多多益善
5484,多亏
5485,多年来
5486,多年前
5487,而后
5488,而论
5489,而又
5490,尔等
5491,二话不说
5492,二话没说
5493,反倒
5494,反倒是
5495,反而
5496,反手
5497,反之亦然
5498,反之则
5499,方
5500,方才
5501,方能
5502,放量
5503,非常
5504,非得
5505,分期
5506,分期分批
5507,分头
5508,奋勇
5509,愤然
5510,风雨无阻
5511,逢
5512,弗
5513,甫
5514,嘎嘎
5515,该当
5516,概
5517,赶快
5518,赶早不赶晚
5519,敢
5520,敢情
5521,敢于
5522,刚
5523,刚才
5524,刚好
5525,刚巧
5526,高低
5527,格外
5528,隔日
5529,隔夜
5530,个人
5531,各式
5532,更
5533,更加
5534,更进一步
5535,更为
5536,公然
5537,共
5538,共总
5539,够瞧的
5540,姑且
5541,古来
5542,故而
5543,故意
5544,固
5545,怪
5546,怪不得
5547,惯常
5548,光
5549,光是
5550,归根到底
5551,归根结底
5552,过于
5553,毫不
5554,毫无
5555,毫无保留地
5556,毫无例外
5557,好在
5558,何必
5559,何尝
5560,何妨
5561,何苦
5562,何乐而不为
5563,何须
5564,何止
5565,很
5566,很多
5567,很少
5568,轰然
5569,后来
5570,呼啦
5571,忽地
5572,忽然
5573,互
5574,互相
5575,哗啦
5576,话说
5577,还
5578,恍然
5579,会
5580,豁然
5581,活
5582,伙同
5583,或多或少
5584,或许
5585,基本
5586,基本上
5587,基于
5588,极
5589,极大
5590,极度
5591,极端
5592,极力
5593,极其
5594,极为
5595,急匆匆
5596,即将
5597,即刻
5598,即是说
5599,几度
5600,几番
5601,几乎
5602,几经
5603,既...又
5604,继之
5605,加上
5606,加以
5607,间或
5608,简而言之
5609,简言之
5610,简直
5611,见
5612,将才
5613,将近
5614,将要
5615,交口
5616,较比
5617,较为
5618,接连不断
5619,接下来
5620,皆可
5621,截然
5622,截至
5623,藉以
5624,借此
5625,借以
5626,届时
5627,仅
5628,仅仅
5629,谨
5630,进来
5631,进去
5632,近
5633,近几年来
5634,近来
5635,近年来
5636,尽管如此
5637,尽可能
5638,尽快
5639,尽量
5640,尽然
5641,尽如人意
5642,尽心竭力
5643,尽心尽力
5644,尽早
5645,精光
5646,经常
5647,竟
5648,竟然
5649,究竟
5650,就此
5651,就地
5652,就算
5653,居然
5654,局外
5655,举凡
5656,据称
5657,据此
5658,据实
5659,据说
5660,据我所知
5661,据悉
5662,具体来说
5663,决不
5664,决非
5665,绝
5666,绝不
5667,绝顶
5668,绝对
5669,绝非
5670,均
5671,喀
5672,看
5673,看来
5674,看起来
5675,看上去
5676,看样子
5677,可好
5678,可能
5679,恐怕
5680,快
5681,快要
5682,来不及
5683,来得及
5684,来讲
5685,来看
5686,拦腰
5687,牢牢
5688,老
5689,老大
5690,老老实实
5691,老是
5692,累次
5693,累年
5694,理当
5695,理该
5696,理应
5697,历
5698,立
5699,立地
5700,立刻
5701,立马
5702,立时
5703,联袂
5704,连连
5705,连日
5706,连日来
5707,连声
5708,连袂
5709,临到
5710,另方面
5711,另行
5712,另一个
5713,路经
5714,屡
5715,屡次
5716,屡次三番
5717,屡屡
5718,缕缕
5719,率尔
5720,率然
5721,略
5722,略加
5723,略微
5724,略为
5725,论说
5726,马上
5727,蛮
5728,满
5729,没
5730,没有
5731,每逢
5732,每每
5733,每时每刻
5734,猛然
5735,猛然间
5736,莫
5737,莫不
5738,莫非
5739,莫如
5740,默默地
5741,默然
5742,呐
5743,那末
5744,奈
5745,难道
5746,难得
5747,难怪
5748,难说
5749,内
5750,年复一年
5751,凝神
5752,偶而
5753,偶尔
5754,怕
5755,砰
5756,碰巧
5757,譬如
5758,偏偏
5759,乒
5760,平素
5761,颇
5762,迫于
5763,扑通
5764,其后
5765,其实
5766,奇
5767,齐
5768,起初
5769,起来
5770,起首
5771,起头
5772,起先
5773,岂
5774,岂非
5775,岂止
5776,迄
5777,恰逢
5778,恰好
5779,恰恰
5780,恰巧
5781,恰如
5782,恰似
5783,千
5784,千万
5785,千万千万
5786,切
5787,切不可
5788,切莫
5789,切切
5790,切勿
5791,窃
5792,亲口
5793,亲身
5794,亲手
5795,亲眼
5796,亲自
5797,顷
5798,顷刻
5799,顷刻间
5800,顷刻之间
5801,请勿
5802,穷年累月
5803,取道
5804,去
5805,权时
5806,全都
5807,全力
5808,全年
5809,全然
5810,全身心
5811,然
5812,人人
5813,仍
5814,仍旧
5815,仍然
5816,日复一日
5817,日见
5818,日渐
5819,日益
5820,日臻
5821,如常
5822,如此等等
5823,如次
5824,如今
5825,如期
5826,如前所述
5827,如上
5828,如下
5829,汝
5830,三番两次
5831,三番五次
5832,三天两头
5833,瑟瑟
5834,沙沙
5835,上
5836,上来
5837,上去
5838,买
5839,挺
5840,完
5841,公司
5842,请问
5844,来电
5845,反应
5846,居民
5847,单位
5848,核实